driverId,driverName,races,meanScore,meanOutperformance,maxScore
1,Lewis Hamilton,344,1627.0834610434067,0.1624271777707114,1710.4400951074872
2,Nick Heidfeld,184,1510.9468287105037,0.05258981526045602,1580.6626682475314
3,Nico Rosberg,206,1573.5796115951086,0.44826903227987547,1671.4480117479616
4,Fernando Alonso,392,1601.115245530448,0.13068812098618296,1678.3468080431494
5,Heikki Kovalainen,112,1482.896746708732,-0.1242828279166492,1503.2540187659374
6,Kazuki Nakajima,36,1454.4028348161412,-0.908605781170761,1495.004299056874
7,Sébastien Bourdais,27,1492.4766229160732,-0.30861073774278197,1502.8905562937955
8,Kimi Räikkönen,352,1594.1585364232722,0.12549147432971708,1664.0278386198208
9,Robert Kubica,99,1536.0386811367625,-0.13949530058945597,1585.6451861741314
10,Timo Glock,95,1509.1547530049445,-0.263180857161045,1561.5397393314126
11,Takuma Sato,91,1472.8397197225797,-0.17150308041745682,1511.478259801557
12,Nelson Piquet Jr.,28,1498.3813957168215,-0.3653912383702536,1520.844125238158
13,Felipe Massa,271,1547.4239644233587,0.013097902664031245,1597.066805356854
14,David Coulthard,247,1538.1029337889495,0.03654027017046734,1589.4375656833631
15,Jarno Trulli,256,1532.133251399209,-0.05119614551340178,1583.6241496100258
16,Adrian Sutil,128,1498.1520452053217,-0.11126663158495065,1543.8581832465024
17,Mark Webber,217,1553.2113469696453,0.2606565050213691,1624.261558788329
18,Jenson Button,309,1559.7745869520634,0.026171138124403668,1629.4014080436689
19,Anthony Davidson,24,1497.1283113096813,-0.10522776882910541,1503.757487136364
20,Sebastian Vettel,300,1630.3980033576174,0.08897218451773597,1701.150871561873
21,Giancarlo Fisichella,231,1509.6663330950678,-0.04645317624720486,1555.880388439572
22,Rubens Barrichello,326,1561.3330756711462,-0.04594050549165251,1614.537888669514
23,Ralf Schumacher,180,1541.3022498666612,0.05709492987573095,1583.1415266933757
24,Vitantonio Liuzzi,81,1498.1848573912007,-0.26270784711521095,1513.6399313829247
25,Alexander Wurz,69,1486.6139870573984,-0.22821681662533402,1532.8014562761848
26,Scott Speed,28,1494.416448466549,0.05106068497330807,1501.6076715999234
27,Christijan Albers,46,1485.7894654900883,-0.39451704546465527,1501.8539400594784
28,Markus Winkelhock,1,1500.0,0.0,1500.0
29,Sakon Yamamoto,21,1473.6202262539175,-1.4338413215425578,1500.0
30,Michael Schumacher,308,1611.8023770112118,5.1967038794352095e-05,1672.8640670112272
31,Juan Pablo Montoya,95,1540.0158027483983,0.28987539653114497,1570.8575335940468
32,Christian Klien,51,1497.9398695606396,-0.11320070342898295,1519.2399172473288
33,Tiago Monteiro,37,1480.0914768611826,-0.5570932923539278,1499.1037535023745
34,Yuji Ide,4,1495.5983213254608,-0.8253147514761237,1500.0
35,Jacques Villeneuve,165,1520.1837742576893,0.03956150663144766,1554.7466620125094
36,Franck Montagny,7,1490.6058354450802,-1.2621673061547851,1500.0
37,Pedro de la Rosa,107,1480.3812369556347,-0.14495104273027654,1503.5423997411533
38,Robert Doornbos,11,1499.2065736136087,-0.3880038366028348,1503.6392381280232
39,Narain Karthikeyan,48,1468.9497740956404,-0.6318490042146748,1501.1037535023745
40,Patrick Friesacher,11,1499.0896945128234,-0.20002044422332602,1502.1896233767477
41,Ricardo Zonta,38,1495.8384805783542,0.0033200404814908158,1503.12420535431
42,Antônio Pizzonia,20,1499.6715324904794,0.15938430100791762,1504.0742658922077
43,Cristiano da Matta,28,1514.749534238381,0.3326914091792349,1526.1956719870557
44,Olivier Panis,158,1528.4614968654123,-0.002546543721459304,1589.0555134783735
45,Giorgio Pantano,14,1479.1525116708967,-0.9547817994345872,1492.8996676124004
46,Gianmaria Bruni,18,1496.4890092476542,-0.2928410610858447,1501.5514469960658
47,Zsolt Baumgartner,20,1490.0571293883033,-0.33231682484084113,1500.0
48,Marc Gené,36,1502.7041050304774,-0.1523733335807358,1514.0221826213933
49,Heinz-Harald Frentzen,159,1532.209925559314,-0.021016229775807416,1559.4223555138892
50,Jos Verstappen,107,1491.660394938258,-0.0839406154140791,1508.5564123485597
51,Justin Wilson,16,1499.0388820362245,-0.217624509732258,1501.2495802869887
52,Ralph Firman,14,1481.6465334574884,-1.1130932230854598,1500.0
53,Nicolas Kiesa,5,1495.0589381355512,-0.6880243678093324,1498.362217813223
54,Luciano Burti,15,1493.6502619787702,-0.1121779285739526,1499.3463152833529
55,Jean Alesi,202,1548.1303617335118,0.030787438753440026,1584.6628078247672
56,Eddie Irvine,147,1539.106243499166,0.17856607512336647,1591.6467066902062
57,Mika Häkkinen,165,1555.5940067270517,0.2342942580599504,1622.2196469025528
58,Tarso Marques,26,1489.076887290339,-0.33167386017165273,1500.0
59,Enrique Bernoldi,29,1481.6334151105898,-0.3263575532843574,1500.0
60,Gastón Mazzacane,21,1487.820986933765,-0.37072324213909413,1500.0
61,Tomáš Enge,3,1491.3453103240672,-1.431920771748225,1495.8263927209516
62,Alex Yoong,16,1493.588575523545,-0.2964624071777902,1500.0
63,Mika Salo,111,1516.2711396391067,-0.017287912894472793,1530.8388075603486
64,Pedro Diniz,99,1482.1901763171866,-0.05724300323733505,1511.7277036678477
65,Johnny Herbert,165,1508.3148653053374,0.14193125172189763,1556.6497395642434
66,Allan McNish,17,1502.204715401794,-0.12819419412572367,1508.332356265396
67,Sébastien Buemi,55,1498.8652797180305,0.14647668764672814,1513.2515559885858
68,Toranosuke Takagi,32,1489.0313348863847,-0.2254317499137169,1500.0
69,Luca Badoer,58,1476.8758224097376,-0.4049689031960946,1500.0
70,Alessandro Zanardi,44,1473.143415956249,-0.4535583529880281,1505.306963752453
71,Damon Hill,122,1541.2941898894271,0.1277434335193933,1583.5419270372386
72,Stéphane Sarrazin,1,1500.0,0.0,1500.0
73,Ricardo Rosset,30,1488.2142359505472,-0.28911574666653767,1501.1973165974468
74,Esteban Tuero,16,1501.0515612807849,-0.06783030404433403,1505.126148324165
75,Shinji Nakano,33,1506.3332865262275,0.014615036548935721,1515.7921523599448
76,Jan Magnussen,25,1498.7837719498993,0.10340454637881116,1506.570258922894
77,Gerhard Berger,210,1552.7188000885455,0.026457344952412917,1588.5450172610067
78,Nicola Larini,75,1489.9513758455248,-0.1818908817743684,1500.0
79,Ukyo Katayama,97,1474.4510047977183,-0.0942022300743502,1499.324782523336
80,Vincenzo Sospiri,1,1500.0,0.0,1500.0
81,Gianni Morbidelli,70,1501.2207153224747,-0.14965826261147264,1517.6446273985807
82,Norberto Fontana,4,1489.0858942121727,-1.8109571923756915,1500.0
83,Pedro Lamy,32,1477.2871587114157,-0.3893202406271383,1500.0
84,Martin Brundle,165,1510.6235535769306,0.13698172894529378,1554.9366685065393
85,Andrea Montermini,28,1492.7521332681995,-0.12172519110716713,1500.0
86,Giovanni Lavaggi,10,1499.37832647287,-0.14570473292108826,1500.0
87,Mark Blundell,63,1510.538664160484,-0.05866263109519189,1532.6637690904586
88,Aguri Suzuki,88,1505.24497263937,0.04668977315023853,1521.885896538747
89,Taki Inoue,18,1491.245425215614,-0.38082196985314,1500.0
90,Roberto Moreno,74,1493.7452613216851,-0.17891648527278053,1501.6590219356176
91,Karl Wendlinger,42,1500.469466801378,0.05012596433699675,1531.699958344048
92,Bertrand Gachot,84,1494.0037585679925,-0.08243595127889754,1504.4756019185602
93,Domenico Schiattarella,7,1491.9962186718353,-0.7768536844237188,1494.4151947850555
94,Pierluigi Martini,123,1510.9525409363432,0.009732324422880686,1541.8124754747314
95,Nigel Mansell,192,1579.5543292743039,0.2823854324726808,1663.9438019701036
96,Jean-Christophe Boullion,11,1486.8380097493402,-0.6851501132157117,1495.6664429027724
97,Massimiliano Papis,7,1500.275196161305,-0.06285303116676642,1501.2438879633112
98,Jean-Denis Délétraz,3,1497.388628385909,-1.1424750811649143,1500.0
99,Gabriele Tarquini,78,1486.8215947952149,-0.15689355868331564,1500.0
100,Érik Comas,63,1522.3288677826188,0.22819676454513405,1544.0557515025737
101,David Brabham,30,1478.6486426681843,-0.4928160170150871,1500.0
102,Ayrton Senna,162,1610.466036777723,0.2831378531615846,1660.5491911651347
103,Éric Bernard,47,1516.5756634400004,-0.07295308404696861,1536.0219465383243
104,Christian Fittipaldi,43,1521.9689222610095,0.23552051265950785,1542.8060725113503
105,Michele Alboreto,215,1526.8112293940474,-0.025259331775651858,1572.6993934109453
106,Olivier Beretta,10,1499.530677773219,-0.22583903980521308,1502.7167867877365
107,Roland Ratzenberger,3,1494.0799389008607,-0.9250095467405286,1500.0
108,Paul Belmondo,27,1478.0009184861965,-0.33346891557606256,1500.0
109,Jyrki Järvilehto,70,1495.9520573426817,-0.024614507041671122,1511.4436379977174
110,Andrea de Cesaris,214,1514.085869815835,0.026406199778200672,1553.373135260828
111,Jean-Marc Gounon,9,1492.051916205371,-0.731693389045481,1500.0
112,Philippe Alliot,115,1476.0043963364858,-0.03857323338596879,1500.0
113,Philippe Adams,2,1495.4502208120334,-2.132708994359283,1500.0
114,Yannick Dalmas,50,1482.2308270973558,-0.18776075798087624,1490.7003453768934
115,Hideki Noda,3,1500.0,0.0,1500.0
116,Franck Lagorce,2,1495.772813550739,-1.3209957653940079,1500.0
117,Alain Prost,202,1612.5721135909885,0.1823334510106487,1658.8711958877404
118,Derek Warwick,162,1518.8376202504164,0.034341220108645175,1553.3886126177836
119,Riccardo Patrese,257,1517.899034795664,-0.005282862009571461,1562.1150499132432
120,Fabrizio Barbazza,20,1502.1050559454793,0.06616436468539602,1508.4250623662078
121,Michael Andretti,13,1486.2553235885887,-0.8402954282411843,1500.2541761642967
122,Ivan Capelli,98,1543.888130079899,0.1916310293548602,1568.720950929776
123,Thierry Boutsen,164,1524.758902598578,0.04632775005500644,1554.639622801864
124,Marco Apicella,1,1500.0,0.0,1500.0
125,Emanuele Naspetti,6,1496.758470758188,-0.41572738012272126,1499.2371142260354
126,Toshio Suzuki,2,1488.652267309323,-2.549218706310103,1492.2003151876854
127,Maurício Gugelmin,80,1517.9132293716248,-0.051698367976988714,1550.0541286998955
128,Eric van de Poele,29,1495.7260797026677,-0.06713130458480576,1500.0
129,Olivier Grouillard,62,1504.5576283281039,-0.16509452317822804,1527.3255621886242
130,Andrea Chiesa,10,1500.0,0.0,1500.0
131,Stefano Modena,81,1479.8572235988233,-0.08914591699564743,1500.0
132,Giovanna Amati,3,1500.0,0.0,1500.0
133,Alex Caffi,75,1500.5380091621914,0.03757740098630281,1512.8431565018836
134,Enrico Bertaggia,6,1500.0,0.0,1500.0
135,Perry McCarthy,7,1500.0,0.0,1500.0
136,Jan Lammers,41,1475.4244374552727,-0.3614431628930434,1500.0
137,Nelson Piquet,207,1575.4336487020985,0.0756075012196332,1621.9682368992312
138,Satoru Nakajima,80,1470.941900549474,-0.2631998149728972,1494.8695629734875
139,Emanuele Pirro,40,1480.037036118582,0.0587721808941301,1495.260140823907
140,Stefan Johansson,103,1503.0618922451138,0.17806511802438127,1538.501571074965
141,Julian Bailey,20,1487.3441612912175,-0.5795571077887862,1500.0
142,Pedro Chaves,13,1500.0,0.0,1500.0
143,Michael Bartels,4,1500.0,0.0,1500.0
144,Naoki Hattori,2,1500.0,0.0,1500.0
145,Alessandro Nannini,77,1510.4507205106831,0.2778685137967476,1565.31807850182
146,Bernd Schneider,32,1501.4103551825615,-0.0615684055566659,1502.4494840224247
147,Paolo Barilla,15,1490.588730826961,-0.5017167206448542,1500.0
148,Gregor Foitek,22,1499.11212936354,-0.09988544660176765,1500.0
149,Claudio Langes,14,1500.0,0.0,1500.0
150,Gary Brabham,2,1500.0,0.0,1500.0
151,Martin Donnelly,15,1484.168798254686,-0.38734763430996144,1490.005383944803
152,Bruno Giacomelli,82,1487.8166167247662,-0.024616668707228135,1505.500619925069
153,Jaime Alguersuari,46,1493.6377071699396,0.2585777050220318,1519.986130523055
154,Romain Grosjean,181,1537.4613018167609,0.020889271754953607,1591.512044570853
155,Kamui Kobayashi,76,1524.2463555492668,0.028665460300828366,1548.3767136831134
156,Jonathan Palmer,88,1465.8924134898932,-0.11451544242185495,1495.9294952595385
157,Christian Danner,47,1499.122813510634,-0.06305530852276185,1514.8549747249144
158,Eddie Cheever,143,1510.0319633701863,0.0063020872928476485,1542.5726149067198
159,Luis Pérez-Sala,32,1500.7915870631641,-0.05419954979572962,1510.8417890703586
160,Piercarlo Ghinzani,111,1476.6658796477125,-0.12962567110990456,1498.328531348228
161,Volker Weidler,10,1500.0,0.0,1500.0
162,Pierre-Henri Raphanel,17,1500.0,0.0,1500.0
163,René Arnoux,164,1513.7894711328347,-0.08568037353792231,1562.7935590372065
164,Joachim Winkelhock,7,1500.0,0.0,1500.0
165,Oscar Larrauri,21,1491.2091136374984,-0.2772063942343096,1500.0
166,Philippe Streiff,54,1485.0483938050324,0.01181074797231434,1500.7883321273666
167,Adrián Campos,21,1495.8055845929116,-0.26525034490265853,1500.0
168,Jean-Louis Schlesser,2,1493.061567229048,-2.385086265014749,1500.0
169,Pascal Fabre,12,1461.3029256500552,-1.2885453985339155,1490.8383657173515
170,Teo Fabi,71,1492.4972194783363,0.025548216659694825,1502.613607569746
171,Franco Forini,2,1500.0,0.0,1500.0
172,Jacques Laffite,180,1532.5452130622887,0.10784277379831786,1578.7365005587103
173,Elio de Angelis,110,1535.2769461091793,0.08133707121026577,1570.3976218843295
174,Johnny Dumfries,16,1472.9036297533223,-0.693525643777761,1482.4264158753529
175,Patrick Tambay,122,1520.6338931735952,0.1487070771352545,1554.4234805616568
176,Marc Surer,88,1517.3603394985,0.022493975510933895,1544.3016644047125
177,Keke Rosberg,128,1534.2110791233113,0.18264607006967853,1595.939204583886
178,Alan Jones,117,1560.097070005813,0.18391806919894924,1615.747159218107
179,Huub Rothengatter,28,1486.6645387755311,-0.19805628552551185,1500.0
180,Allen Berg,9,1493.7162911080702,-0.520093191982546,1500.0
181,Manfred Winkelhock,55,1508.2841748705628,0.03379274337711887,1516.94318275507
182,Niki Lauda,174,1594.5347019009428,0.3047610481501233,1660.2920031717226
183,François Hesnault,20,1486.9544916376765,-0.28128081886001616,1500.0
184,Mauro Baldi,41,1488.0143363155305,-0.018645416941359023,1503.408090145868
185,Stefan Bellof,22,1501.0877617661797,-0.07955804218200538,1518.165973276094
186,Kenny Acheson,9,1496.4699556384476,-0.3677129543283695,1500.0
187,John Watson,154,1537.4309247295369,0.17087935315984484,1587.920637376755
188,Johnny Cecotto,23,1499.2448098235739,-0.1671292781689957,1507.4273333035433
189,Jo Gartner,8,1497.6581808986352,-0.15967488900919824,1500.0
190,Corrado Fabi,18,1499.8306380668205,-0.14097593016084647,1501.7475290830346
191,Mike Thackwell,5,1500.0,0.0,1500.0
192,Chico Serra,32,1493.9317629019065,-0.16734218071107515,1501.710129956622
193,Danny Sullivan,15,1482.0751653214,-0.7365924804954636,1494.2634696386867
194,Eliseo Salazar,37,1496.3064585970315,-0.06714740128365436,1510.001692760771
195,Roberto Guerrero,29,1497.8456012809634,-0.22692603545337206,1500.2250783097477
196,Raul Boesel,30,1478.4863011444556,-0.742450103468683,1497.54700098825
197,Jean-Pierre Jarier,143,1482.1713423392473,-0.09452616460446665,1517.8602027356555
198,Jacques Villeneuve Sr.,3,1500.0,0.0,1500.0
199,Carlos Reutemann,146,1551.5222377764696,0.10695735960808478,1593.383133450505
200,Jochen Mass,114,1515.6025537256544,0.0796652390527217,1547.614641264698
201,Slim Borgudd,15,1487.791231643468,-0.8556497577570429,1494.2497356854142
202,Didier Pironi,72,1507.847187333643,0.13582797224952467,1548.3918703493227
203,Gilles Villeneuve,68,1523.2168973420514,0.2723282148485904,1564.8127285133576
204,Riccardo Paletti,8,1500.0,0.0,1500.0
205,Brian Henton,37,1486.8166345455313,-0.15346844029213697,1500.0
206,Derek Daly,64,1480.3087450210996,-0.11914869778889331,1517.475902403361
207,Mario Andretti,129,1547.9125808349534,0.16126513316575558,1600.5490725244226
208,Emilio de Villota,14,1487.641788899416,-0.3861940968932502,1500.0
209,Geoff Lees,12,1495.0226083657524,-0.3961144050951227,1500.0
210,Tommy Byrne,5,1500.0,0.0,1500.0
211,Rupert Keegan,37,1493.1084823371827,-0.31784599741591985,1509.5172304699777
212,Hector Rebaque,58,1465.5844253987418,-0.22682462374334153,1500.0
213,Beppe Gabbiani,17,1500.0,0.0,1500.0
214,Kevin Cogan,2,1500.0,0.0,1500.0
215,Miguel Ángel Guerra,4,1500.0,0.0,1500.0
216,Siegfried Stohr,13,1496.927467796158,-0.2589550835162089,1500.0
217,Ricardo Zunino,11,1475.8760414028252,-1.328256680726774,1499.2533647300406
218,Ricardo Londoño,1,1500.0,0.0,1500.0
219,Jean-Pierre Jabouille,55,1494.068893268402,0.18273519017355,1504.638946596245
220,Giorgio Francia,2,1500.0,0.0,1500.0
221,Patrick Depailler,95,1525.806804090378,0.37025716079292886,1580.4794354247751
222,Jody Scheckter,113,1560.955748800839,-0.04561031231574033,1625.4169687882315
223,Clay Regazzoni,138,1537.618699900248,0.1651910187472626,1574.834052540945
224,Emerson Fittipaldi,149,1583.6824541384653,0.14917532083383006,1632.3052499648684
225,Dave Kennedy,7,1500.0,0.0,1500.0
226,Stephen South,1,1500.0,0.0,1500.0
227,Tiff Needell,2,1500.0,0.0,1500.0
228,Desiré Wilson,1,1500.0,0.0,1500.0
229,Harald Ertl,29,1473.7181465991996,-0.34546655844273805,1485.31485556432
230,Vittorio Brambilla,78,1510.6113413753806,-0.04646905327760477,1541.0491091276951
231,James Hunt,93,1585.6681170331524,0.4207844834374271,1625.9241572758913
232,Arturo Merzario,84,1496.066951991888,-0.06600622956968116,1510.2934586451922
233,Hans-Joachim Stuck,81,1527.7918547827346,0.12300088320489613,1549.710299614629
234,Gianfranco Brancatelli,3,1500.0,0.0,1500.0
235,Jacky Ickx,121,1535.587471845869,-0.07274956735181366,1588.8848781786623
236,Patrick Gaillard,5,1492.6400128018365,-0.6324988998421726,1500.0
237,Alex Ribeiro,20,1485.8923803810153,-0.48247324151716536,1495.0860229266332
238,Ronnie Peterson,123,1536.1587477776097,0.2709092084113109,1576.7390034857192
239,Brett Lunger,42,1466.8559137761056,-0.5183533170693944,1493.2430466034773
240,Danny Ongais,6,1493.299129799773,-0.25128263250851396,1500.0
241,Lamberto Leoni,5,1500.0,0.0,1500.0
242,Divina Galica,3,1500.0,0.0,1500.0
243,Rolf Stommelen,61,1478.9713027646735,-0.3682912721399385,1512.6605928319957
244,Alberto Colombo,3,1500.0,0.0,1500.0
245,Tony Trimmer,6,1500.0,0.0,1500.0
246,Hans Binder,15,1494.8338038834333,-0.04685870502671484,1500.0
247,Michael Bleekemolen,5,1500.0,0.0,1500.0
248,Carlo Franchi,1,1500.0,0.0,1500.0
249,Bobby Rahal,2,1496.449244717669,-0.7767277180099219,1496.449244717669
250,Carlos Pace,73,1519.0502841169873,0.24356379621674315,1557.6371478513552
251,Ian Scheckter,20,1483.4363064852653,-0.4858330177119955,1488.933826255294
252,Tom Pryce,42,1529.4115787375797,0.6394132555534123,1564.1705287077666
253,Ingo Hoffmann,6,1496.2852073701063,-0.32217611045732,1497.005219938818
254,Renzo Zorzi,7,1488.2263397399875,-0.6651746078988993,1489.752051558499
255,Gunnar Nilsson,32,1515.2112928329368,0.319454703411581,1528.5331951590613
256,Larry Perkins,15,1484.5573134991305,-0.7608260120449899,1500.0
257,Boy Lunger,7,1500.0,0.0,1500.0
258,Patrick Nève,13,1485.8728621293253,-0.7443822796044567,1500.0
259,David Purley,11,1489.7059759066697,-0.8401340379037469,1500.0
260,Conny Andersson,5,1500.0,0.0,1500.0
261,Bernard de Dryver,1,1500.0,0.0,1500.0
262,Jackie Oliver,51,1506.8388788639738,0.2352058076249145,1522.4079673268766
263,Mikko Kozarowitzky,2,1500.0,0.0,1500.0
264,Andy Sutcliffe,1,1500.0,0.0,1500.0
265,Guy Edwards,16,1474.93786419964,-1.4008541924238282,1493.9963051155737
266,Brian McGuire,1,1500.0,0.0,1500.0
267,Vern Schuppan,12,1489.6546516062278,-0.7804384189160468,1492.6915094253854
268,Hans Heyer,1,1500.0,0.0,1500.0
269,Teddy Pilette,4,1485.7494626135065,-1.7813171733116961,1485.7494626135065
270,Ian Ashley,11,1500.4178602082654,-0.24995861707421294,1501.486822917568
271,Loris Kessel,6,1484.7704744092114,-1.0470298843667265,1500.0
272,Kunimitsu Takahashi,1,1494.9172344928431,-1.588364220986505,1494.9172344928431
273,Kazuyoshi Hoshino,2,1496.9289411453462,-0.9597058920792898,1500.0
274,Noritake Takahara,2,1496.8934172215386,-0.48540355913459354,1496.8934172215386
275,Lella Lombardi,17,1474.5128698565413,-1.3317663785212044,1500.0
276,Bob Evans,12,1492.414790255824,-0.4039254426612395,1496.5571272335287
277,Michel Leclère,8,1486.6259124077708,-1.049685396060628,1500.0
278,Chris Amon,106,1518.292983484443,-3.0599475798804046e-05,1561.4003903123223
279,Emilio Zapico,1,1500.0,0.0,1500.0
280,Henri Pescarolo,59,1472.214545857361,-0.35077890800585015,1511.0931370338446
281,Jac Nelleman,1,1500.0,0.0,1500.0
282,Damien Magee,2,1496.1032650280142,-0.9132972590591852,1496.1032650280142
283,Mike Wilds,8,1500.0,0.0,1500.0
284,Alessandro Pesenti-Rossi,4,1464.5101591308803,-5.160079526640052,1480.1969278706406
285,Otto Stuppacher,3,1500.0,0.0,1500.0
286,Warwick Brown,1,1489.176319371571,-4.39712025529931,1489.176319371571
287,Masahiro Hasemi,1,1487.617329060791,-3.869584668502776,1487.617329060791
288,Mark Donohue,15,1518.1350688821774,0.7441925057619045,1521.8354843045056
289,Graham Hill,179,1546.1992918696017,-0.006761763701408657,1634.9713011891115
290,Wilson Fittipaldi,38,1500.625035410415,-0.285359635463877,1519.7271658372997
291,Guy Tunmer,1,1494.3877724567876,-2.4553495501554066,1494.3877724567876
292,Eddie Keizan,3,1489.4210626405347,-3.3288785393835654,1500.0
293,Dave Charlton,13,1496.6148200658047,-1.0597181315639757,1500.0
294,Tony Brise,10,1499.664416751036,0.10226719230350909,1508.0649255316182
295,Roelof Wunderink,6,1500.0,0.0,1500.0
296,François Migault,15,1479.6332773532295,-0.9325781812814002,1500.0
297,Torsten Palm,2,1500.0,0.0,1500.0
298,Gijs van Lennep,9,1496.9843872595743,-0.3741825523538185,1506.0409707347546
299,Hiroshi Fushida,2,1500.0,0.0,1500.0
300,John Nicholson,2,1500.0,0.0,1500.0
301,Dave Morgan,1,1500.0,0.0,1500.0
302,Jim Crawford,2,1494.8112980868682,-2.1079101522098322,1500.0
303,Jo Vonlanthen,1,1500.0,0.0,1500.0
304,Denny Hulme,112,1567.2694310848553,0.09814623609548759,1610.1314351147123
305,Mike Hailwood,51,1519.821684417153,0.46858684512327897,1547.4954387599985
306,Jean-Pierre Beltoise,87,1520.9170117203073,0.22747183949712693,1560.372233186054
307,Howden Ganley,39,1499.368260699169,0.1153075569934246,1521.2625379156705
308,Richard Robarts,4,1488.0566464519734,-2.47099781769111,1500.0
309,Peter Revson,31,1533.774835022952,1.0374638675639114,1577.2117635329869
310,Paddy Driver,2,1500.0,0.0,1500.0
311,Tom Belsø,4,1497.011458164048,-0.4202636956807546,1500.0
312,Brian Redman,13,1516.3318237284975,0.8235098651991734,1528.7311314115827
313,Rikky von Opel,13,1477.99937232597,-0.8084731275352804,1488.5759053229067
314,Tim Schenken,36,1497.013234225951,-0.2808784812758847,1520.5503752060913
315,Gérard Larrousse,2,1500.0,0.0,1500.0
316,Leo Kinnunen,6,1500.0,0.0,1500.0
317,Reine Wisell,23,1514.4984437569858,0.07377835943691924,1522.999859418784
318,Bertil Roos,1,1500.0,0.0,1500.0
319,José Dolhem,3,1500.0,0.0,1500.0
320,Peter Gethin,30,1487.987062797581,-0.21912271278544082,1500.0
321,Derek Bell,14,1503.54586962046,0.05468614382223226,1507.017316681978
322,David Hobbs,7,1486.6365033941527,-1.0793721144711979,1496.399545040524
323,Dieter Quester,1,1496.9678538265057,-0.9475456792169608,1496.9678538265057
324,Helmuth Koinigg,3,1502.9194427658213,0.6386281050234245,1504.379164148732
325,Carlo Facetti,1,1500.0,0.0,1500.0
326,Eppie Wietzes,2,1500.0,0.0,1500.0
327,François Cevert,47,1514.4178511275957,0.5049813445336858,1557.8351619844325
328,Jackie Stewart,100,1603.9386633013658,0.29066974267360035,1657.550534903233
329,Mike Beuttler,29,1489.860724242844,-0.3340713453597823,1500.0
330,Nanni Galli,17,1454.7770356857236,-1.3279825971213342,1500.0
331,Luiz Bueno,1,1487.9274370067023,-4.149943528946049,1487.9274370067023
332,George Follmer,12,1498.423421233347,-0.5800130111614322,1515.270921212169
333,Andrea de Adamich,36,1483.8075390570348,-0.18644232312571063,1500.0
334,Jackie Pretorius,4,1500.0,0.0,1500.0
335,Roger Williamson,2,1500.0,0.0,1500.0
336,Graham McRae,1,1500.0,0.0,1500.0
337,Helmut Marko,9,1478.4139249229029,-0.9776715509606618,1487.8427921885416
338,David Walker,11,1474.2144924877637,-1.505337482739809,1500.0
339,Alex Soler-Roig,9,1500.0,0.0,1500.0
340,John Love,10,1491.4833287397264,-0.5071113952930018,1504.6124864983296
341,John Surtees,112,1573.3194312461794,0.11974351478203135,1625.7586440636014
342,Skip Barber,6,1499.449702070707,-0.2407553440656637,1500.0
343,Bill Brack,3,1500.0,0.0,1500.0
344,Sam Posey,2,1497.5475190394463,-1.1496004502595643,1500.0
345,Pedro Rodríguez,54,1512.3875979578615,0.27467828750301987,1542.6077688500384
346,Jo Siffert,100,1499.6552115233776,0.06200597614987683,1526.0414392283835
347,Jo Bonnier,109,1491.1818653658215,0.041463911254820546,1529.456916727396
348,François Mazet,1,1483.5222223546036,-5.664236065605019,1483.5222223546036
349,Max Jean,1,1500.0,0.0,1500.0
350,Vic Elford,13,1499.720942972962,-0.21220021559745203,1511.2886718171133
351,Silvio Moser,18,1488.740023774049,-0.20066425102346475,1500.0
352,George Eaton,13,1491.2211258219843,-0.8226380844258186,1500.0
353,Pete Lovely,11,1487.3023307456572,-0.41344632918430724,1500.0
354,Chris Craft,2,1500.0,0.0,1500.0
355,John Cannon,1,1489.1607718749244,-4.7421623047206065,1489.1607718749244
356,Jack Brabham,129,1575.1613761483802,0.19398780818709493,1623.72790679427
357,John Miles,15,1495.8717273188367,0.05324138719977771,1500.985384437873
358,Jochen Rindt,62,1568.062219360775,0.560165891846568,1656.1857493757998
359,Johnny Servoz-Gavin,12,1498.0645366900826,-0.3019873113481036,1509.5785932479869
360,Bruce McLaren,103,1565.6653974088506,0.15165512960615676,1600.0179203251068
361,Piers Courage,29,1502.2081956426848,0.015557681360162211,1521.2396128514351
362,Peter de Klerk,4,1491.4798269416788,-1.7836132788507806,1500.0
363,Ignazio Giunti,4,1484.7097846169258,-1.3655637982000268,1494.455608919589
364,Dan Gurney,87,1575.6874212028295,0.32642821600611377,1606.4837037074503
365,Hubert Hahne,3,1500.7574174643657,0.15385042244931268,1501.1361261965487
366,Gus Hutchison,1,1500.0,0.0,1500.0
367,Peter Westbury,1,1500.0,0.0,1500.0
368,Sam Tingle,6,1493.2974031152091,-0.924770724080829,1500.0
369,Basil van Rooyen,2,1500.0,0.0,1500.0
370,Richard Attwood,17,1496.368774268329,-0.4481975519031264,1507.280008726266
371,Al Pease,2,1500.0,0.0,1500.0
372,John Cordts,1,1500.0,0.0,1500.0
373,Jim Clark,73,1618.7064026417163,0.9016345009188461,1701.7431693657636
374,Mike Spence,36,1510.034418126674,0.3035986073900603,1524.369552851858
375,Ludovico Scarfiotti,13,1494.2654937114703,-0.28304114994064106,1500.149362899252
376,Lucien Bianchi,19,1475.0617058277062,-0.6287245388145424,1500.0
377,Jo Schlesser,2,1500.0,0.0,1500.0
378,Robin Widdows,1,1500.0,0.0,1500.0
379,Kurt Ahrens,2,1495.584243343496,-1.7939011417048363,1500.0
380,Frank Gardner,9,1493.4442995560114,-0.3877731009574669,1500.0
381,Bobby Unser,1,1500.0,0.0,1500.0
382,Moisés Solana,8,1486.8856959142383,-0.7851012914085418,1500.0
383,Bob Anderson,26,1479.0808590350466,-0.4238481890456435,1500.869349022182
384,Luki Botha,1,1500.0,0.0,1500.0
385,Lorenzo Bandini,44,1491.4266810185936,-0.15342602050985985,1517.0928618560215
386,Richie Ginther,54,1517.4797297662021,0.2489913010969741,1550.3085632316563
387,Mike Parkes,7,1506.8559922119537,0.3310684881755654,1511.9809679287175
388,Chris Irwin,10,1498.6468716283312,-0.13587825210916044,1501.5084424354463
389,Guy Ligier,13,1480.4366384282139,-1.0426698197162905,1500.0
390,Alan Rees,2,1497.2101883995783,-0.02924778095228353,1498.997607355182
391,Brian Hart,1,1488.1110001847494,-4.086843686492402,1488.1110001847494
392,Mike Fisher,2,1490.8444383275323,-1.4305565113230554,1490.8444383275323
393,Tom Jones,1,1500.0,0.0,1500.0
394,Giancarlo Baghetti,26,1481.890195551264,-0.5947825964351251,1507.567204696364
395,Jonathan Williams,1,1491.1127945182757,-2.4995265417349817,1491.1127945182757
396,Bob Bondurant,9,1472.8959339609712,-1.086751667642953,1491.812908305218
397,Peter Arundell,15,1512.9272122456618,0.22250832322627231,1524.1174269650971
398,Vic Wilson,2,1500.0,0.0,1500.0
399,John Taylor,5,1481.1751474783523,-1.5508384128734167,1488.135024675689
400,Chris Lawrence,2,1488.4504625977345,-1.8046152191039724,1488.4504625977345
401,Trevor Taylor,29,1496.3562041128978,-0.18083986016388146,1512.5285880675406
402,Giacomo Russo,3,1494.0906931567085,-1.292660871970056,1500.0
403,Phil Hill,52,1512.6106793903941,0.1474137505362073,1541.4626684341413
404,Innes Ireland,55,1536.9239471083542,0.22252654495063698,1562.697428967342
405,Ronnie Bucknum,11,1495.3213651042154,-0.5924372425348079,1500.0
406,Paul Hawkins,3,1502.9159478369745,0.3948679362569402,1502.9159478369745
407,David Prophet,2,1495.304127764641,-1.90769809561459,1500.0
408,Tony Maggs,27,1516.1542139152484,0.1798884329825555,1531.0912330130473
409,Trevor Blokdyk,2,1496.4864262179983,-0.658795084125289,1496.4864262179983
410,Neville Lederle,3,1505.9916992286787,0.561721802688627,1505.9916992286787
411,Doug Serrurier,3,1495.4384058622,-0.8552989008375267,1500.0
412,Brausch Niemann,2,1487.8242754599664,-2.28294835125629,1487.8242754599664
413,Ernie Pieterse,3,1491.7694770064566,-0.7716115306447061,1491.7694770064566
414,Clive Puzey,1,1500.0,0.0,1500.0
415,Ray Reed,1,1500.0,0.0,1500.0
416,David Clapham,1,1500.0,0.0,1500.0
417,Alex Blignaut,1,1500.0,0.0,1500.0
418,Masten Gregory,46,1504.2883562126733,-0.36676827739474704,1543.9099132418212
419,John Rhodes,1,1500.0,0.0,1500.0
420,Ian Raby,7,1498.47733507901,-0.28549967268561616,1500.0
421,Alan Rollinson,1,1500.0,0.0,1500.0
422,Brian Gubby,1,1500.0,0.0,1500.0
423,Gerhard Mitter,5,1503.8525144059865,-0.041017743303366404,1510.451640881034
424,Roberto Bussinello,4,1500.0,0.0,1500.0
425,Nino Vaccarella,5,1493.5113125221424,-1.0067904146086264,1500.0
426,Giorgio Bassi,1,1500.0,0.0,1500.0
427,Maurice Trintignant,87,1511.4467021331368,0.0360282129081168,1547.8682839045202
428,Bernard Collomb,6,1495.7649047584418,-0.529386905194755,1500.0
429,André Pilette,15,1478.7805562270137,-0.638182034615253,1500.601242013127
430,Carel Godin de Beaufort,31,1457.8672396107916,-0.6233795001025325,1489.017767150573
431,Edgar Barth,7,1498.5297512100012,-0.13965738082415616,1500.0
432,Mário de Araújo Cabral,5,1491.0961096137753,-0.5008438342251414,1491.0961096137753
433,Walt Hansgen,4,1498.258301920866,-0.27214032486468276,1500.0
434,Hap Sharp,6,1479.1915494560642,-1.6928505703400567,1488.40582471416
435,Willy Mairesse,12,1505.8083570453837,0.22287366075980852,1508.8229930199975
436,John Campbell-Jones,5,1487.8251151253578,-1.7740788851966371,1500.0
437,Ian Burgess,26,1472.6688228704006,-0.6653934740471695,1500.0
438,Tony Settember,10,1496.1594130812894,-0.18002751181456428,1496.1594130812894
439,Nasif Estéfano,5,1492.0920786017566,-0.691943122346306,1492.0920786017566
440,Jim Hall,12,1504.0112175661063,0.18375776455993842,1508.0556704343596
441,Tim Parnell,4,1495.7047648682983,-0.73824353826122,1500.0
442,Kurt Kuhnke,2,1500.0,0.0,1500.0
443,Ernesto Brambilla,1,1500.0,0.0,1500.0
444,Roberto Lippi,3,1500.0,0.0,1500.0
445,Günther Seiffert,2,1500.0,0.0,1500.0
446,Carlo Abate,2,1500.0,0.0,1500.0
447,Gaetano Starrabba,2,1500.0,0.0,1500.0
448,Peter Broeker,1,1494.836223887889,-1.1295760245242699,1494.836223887889
449,Rodger Ward,12,1507.668685997079,1.0236591259439145,1525.750007563115
450,Ernie de Vos,1,1500.0,0.0,1500.0
451,Frank Dochnal,1,1500.0,0.0,1500.0
452,Thomas Monarch,1,1500.0,0.0,1500.0
453,Jackie Lewis,11,1493.846606724585,-0.35604157595140823,1502.7347600303522
454,Ricardo Rodríguez,6,1497.476571331025,-0.2722842112635462,1500.0
455,Wolfgang Seidel,13,1473.0683791973634,-1.169109247486199,1488.9269400410508
456,Roy Salvadori,51,1498.649153168002,0.07871626440151698,1515.5388440074778
457,Ben Pon,1,1500.0,0.0,1500.0
458,Rob Slotemaker,1,1500.0,0.0,1500.0
459,Tony Marsh,9,1485.1699204769325,-0.9036193303635819,1492.0945096348078
460,Gerry Ashmore,5,1491.0073956358515,-1.0538208239236522,1500.0
461,Heinz Schiller,2,1500.0,0.0,1500.0
462,Colin Davis,3,1499.9690552629563,-0.006769161228339371,1500.0
463,Jay Chamberlain,3,1492.4406461994452,-1.1811490313367077,1492.4406461994452
464,Tony Shelly,3,1500.0,0.0,1500.0
465,Keith Greene,7,1492.5585354018735,-0.7441464598126343,1500.0
466,Heini Walter,1,1490.5650404641965,-4.422637282408003,1490.5650404641965
467,Ernesto Prinoth,2,1500.0,0.0,1500.0
468,Roger Penske,2,1494.7689723613234,-0.7883866913856339,1495.3139381903052
469,Rob Schroeder,1,1497.9101552658194,-0.783691775317755,1497.9101552658194
470,Timmy Mayer,1,1500.0,0.0,1500.0
471,Bruce Johnstone,1,1484.6710291378763,-4.311273054972222,1484.6710291378763
472,Mike Harris,1,1500.0,0.0,1500.0
473,Gary Hocking,1,1500.0,0.0,1500.0
474,Syd van der Vyver,1,1500.0,0.0,1500.0
475,Stirling Moss,73,1573.2976612369323,0.6565019888796783,1653.3107658290182
476,Wolfgang von Trips,28,1516.250662748904,0.7191540807656962,1544.8867884239958
477,Cliff Allison,18,1481.5189295586397,0.013145982056444794,1499.494924584407
478,Hans Herrmann,20,1512.3439643204724,-0.11971358129166912,1521.447384109376
479,Tony Brooks,41,1525.3823760327346,0.08348017561111545,1557.971134322795
480,Michael May,4,1495.5761198665748,-0.599067101401338,1500.0
481,Henry Taylor,10,1472.6520242031897,-1.4545675513994802,1489.2140604347717
482,Olivier Gendebien,17,1490.299791425839,-0.4488873426110023,1508.9179712493078
483,Giorgio Scarlatti,15,1494.3432894302991,-0.25624895767814565,1500.0
484,Brian Naylor,9,1493.4040479853156,-0.46787465651927884,1496.6659382062364
485,Juan Manuel Bordeu,1,1500.0,0.0,1500.0
486,Jack Fairman,13,1516.155975605627,0.6569044767535355,1522.409234158045
487,Massimo Natili,2,1500.0,0.0,1500.0
488,Peter Monteverdi,1,1500.0,0.0,1500.0
489,Renato Pirocchi,2,1494.7058259107966,-1.8198723431636452,1500.0
490,Geoff Duke,1,1500.0,0.0,1500.0
491,Alfonso Thiele,2,1500.0,0.0,1500.0
492,Menato Boffa,1,1500.0,0.0,1500.0
493,Peter Ryan,1,1497.3826115647198,-0.8997272746275673,1497.3826115647198
494,Lloyd Ruby,2,1499.8828225340887,-0.027463468572963556,1499.8828225340887
495,Ken Miles,1,1500.0,0.0,1500.0
496,Carlos Menditeguy,12,1509.8532132440623,0.8583053667826763,1524.6623856899005
497,Alberto Rodriguez Larreta,1,1501.4454779602977,0.6323966076302128,1501.4454779602977
498,José Froilán González,29,1567.7329303803426,0.9904496039655001,1600.3382755210123
499,Roberto Bonomi,1,1497.385033858314,-1.1440476869876512,1497.385033858314
500,Gino Munaron,4,1489.4167693732088,-1.7776687890880423,1494.3777928874708
501,Harry Schell,64,1488.7293966980976,-0.1333132328389304,1513.2195287357622
502,Alan Stacey,7,1502.218629917729,0.13866436985807834,1502.588401570684
503,Ettore Chimeri,1,1500.0,0.0,1500.0
504,Antonio Creus,1,1500.0,0.0,1500.0
505,Chris Bristow,4,1493.5004418493456,-0.6093335766238377,1493.5004418493456
506,Bruce Halford,9,1496.887909727906,-0.2269232490068721,1500.0
507,Chuck Daigh,6,1499.8414888023879,-0.07430212388070852,1500.0
508,Lance Reventlow,4,1500.0,0.0,1500.0
509,Jim Rathmann,12,1501.3340982964746,1.123045266252683,1533.286841887239
510,Paul Goldsmith,3,1506.4543484377562,2.1717242083237154,1513.899034933272
511,Don Branson,2,1504.004059882158,1.8769030697614397,1508.0081197643156
512,Johnny Thomson,9,1505.71235740077,0.99850380108591,1519.529387756985
513,Eddie Johnson,9,1483.311168118239,-0.7099805876219017,1492.0470362498963
514,Bob Veith,5,1501.437287295583,0.09838987513829309,1504.0561080830223
515,Bud Tingelstad,1,1503.3786506182971,1.583742477326834,1503.3786506182971
516,Bob Christie,5,1486.708509667016,-1.569773438711327,1493.3894414163558
517,Red Amick,2,1495.958462082216,-1.8944708989611794,1500.0
518,Duane Carter,10,1499.8493749387458,1.1946360807889151,1507.9691957425769
519,Bill Homeier,3,1500.2077647731749,-0.5636713608540873,1503.9663665896792
520,Gene Hartley,9,1492.7928606201756,-1.0059120198521936,1494.9896703984475
521,Chuck Stevenson,7,1487.0672785425202,-2.243524398585432,1500.0
522,Bobby Grim,2,1492.9179773812998,-3.3196981025157744,1500.0
523,Shorty Templeman,3,1500.0,0.0,1500.0
524,Jim Hurtubise,1,1500.0,0.0,1500.0
525,Jimmy Bryan,9,1512.1848260975848,1.899415534760017,1525.544106378996
526,Troy Ruttman,9,1513.4496083083568,1.5931276350237917,1524.1011027214145
527,Eddie Sachs,4,1500.0,0.0,1500.0
528,Don Freeland,8,1507.654758679102,0.9463292140860741,1524.523666903332
529,Tony Bettenhausen,13,1508.1493648485912,0.030221977732196457,1514.1416879007463
530,Wayne Weiler,1,1500.0,0.0,1500.0
531,Anthony Foyt,3,1499.4956585235975,-0.11820503353184719,1500.0
532,Eddie Russo,4,1500.0,0.0,1500.0
533,Johnny Boyd,6,1508.721663306271,1.1564073248155526,1516.4081355946505
534,Gene Force,2,1500.0,0.0,1500.0
535,Jim McWithey,2,1484.30022321299,-3.679635184455488,1484.30022321299
536,Len Sutton,3,1500.0,0.0,1500.0
537,Dick Rathmann,5,1506.0893309108626,0.8563121593400368,1507.6116636385782
538,Al Herman,5,1495.2495792717557,-0.8720383218321937,1498.2837935192883
539,Dempsey Wilson,2,1500.0,0.0,1500.0
540,Mike Taylor,2,1500.0,0.0,1500.0
541,Ron Flockhart,15,1507.570789997918,-0.12178664703329183,1514.673266004858
542,David Piper,3,1499.2399931142907,-0.3562532276763128,1500.0
543,Giulio Cabianca,4,1498.3659834679488,-0.2060594517504023,1501.5761802042427
544,Piero Drogo,1,1486.41310182937,-3.8213151104897394,1486.41310182937
545,Fred Gamble,1,1487.9934151784971,-3.3768519810476256,1487.9934151784971
546,Arthur Owen,1,1500.0,0.0,1500.0
547,Horace Gould,18,1480.1039288747238,-0.6019326166050859,1489.1210616606247
548,Bob Drake,1,1499.3437554896534,-0.3076146142250198,1499.3437554896534
549,Ivor Bueb,6,1476.9326149252718,-2.2476324579768887,1500.0
550,Alain de Changy,1,1500.0,0.0,1500.0
551,Maria de Filippis,5,1490.39587819577,-0.6752898143599263,1500.0
552,Jean Lucienbonnet,1,1500.0,0.0,1500.0
553,André Testut,2,1500.0,0.0,1500.0
554,Jean Behra,57,1519.8135558495637,0.3503968336836627,1551.1128204510476
555,Paul Russo,9,1520.612696966474,2.1767679205173187,1532.9108786753918
556,Jimmy Daywalt,7,1496.6069727754389,-1.0254630101619864,1501.6947938002158
557,Chuck Arnold,1,1486.4335565463232,-6.359270368910976,1486.4335565463232
558,Al Keller,5,1489.20798416607,-1.7089403553085636,1500.0
559,Pat Flaherty,6,1504.0568165191946,1.4275096107109828,1513.5427935489874
560,Bill Cheesbourg,3,1494.362190701173,-1.0570892435300474,1500.0
561,Ray Crawford,3,1500.0,0.0,1500.0
562,Jack Turner,4,1496.1909962560508,-0.634833957324866,1500.0
563,Chuck Weyant,4,1482.1063349895512,-2.3695832574701656,1487.6171268526216
564,Jud Larson,2,1496.5259908459946,-0.651376716376002,1496.5259908459946
565,Mike Magill,3,1500.0,0.0,1500.0
566,Carroll Shelby,9,1496.0071774804078,-0.13621308806501814,1500.0
567,Fritz d'Orey,3,1493.4868398046594,-0.6784541870146183,1493.4868398046597
568,Azdrubal Fontes,1,1500.0,0.0,1500.0
569,Peter Ashdown,1,1486.547393768105,-5.044727336960608,1486.547393768105
570,Bill Moss,1,1500.0,0.0,1500.0
571,Dennis Taylor,1,1500.0,0.0,1500.0
572,Harry Blanchard,1,1492.1524442517268,-1.2261805856676986,1492.1524442517268
573,Alessandro de Tomaso,2,1487.5323024332677,-2.337693293762308,1487.5323024332677
574,George Constantine,1,1500.0,0.0,1500.0
575,Bob Said,1,1500.0,0.0,1500.0
576,Phil Cade,1,1500.0,0.0,1500.0
577,Luigi Musso,26,1524.8466497649013,0.08654700124341856,1548.246278591602
578,Mike Hawthorn,48,1544.007530263879,0.7107476174751111,1572.4954600411395
579,Juan Fangio,58,1594.9046235014848,0.5534761268332192,1662.015417037491
580,Paco Godia,14,1491.3817015077686,-0.2581721824998018,1498.316861043828
581,Peter Collins,37,1523.3142914727634,0.4097332936638005,1548.3050930500865
582,Ken Kavanagh,1,1500.0,0.0,1500.0
583,Gerino Gerini,7,1489.7970501110372,-0.8197730540001414,1501.042383397473
584,Bruce Kessler,1,1500.0,0.0,1500.0
585,Paul Emery,2,1500.0,0.0,1500.0
586,Luigi Piotti,9,1495.1607294241633,-0.38619271858311044,1502.7896910474433
587,Bernie Ecclestone,1,1500.0,0.0,1500.0
588,Luigi Taramazzo,1,1500.0,0.0,1500.0
589,Louis Chiron,17,1505.0530459724953,0.024295876848697634,1511.8572633558215
590,Stuart Lewis-Evans,14,1494.3775306395669,0.06254747621263501,1503.2432448604793
591,George Amick,1,1514.4716379131346,5.426864217425483,1514.4716379131346
592,Jimmy Reece,6,1500.6244640226917,-0.25770676034799295,1504.812070578393
593,Johnnie Parsons,10,1511.3792011120602,-0.113255571274855,1521.1240298166913
594,Johnnie Tolan,3,1494.819307458413,-1.9427597030950787,1500.0
595,Billy Garrett,2,1489.922386878311,-2.8343286904750276,1489.922386878311
596,Ed Elisian,5,1490.4241039528197,-1.7356311585514272,1490.4241039528197
597,Pat O'Connor,5,1489.027870382231,-1.7679015967939236,1500.0
598,Jerry Unser,1,1500.0,0.0,1500.0
599,Art Bisch,1,1500.0,0.0,1500.0
600,Christian Goethals,1,1500.0,0.0,1500.0
601,Dick Gibson,2,1500.0,0.0,1500.0
602,Robert La Caze,1,1490.667025358023,-4.374831863426701,1490.667025358023
603,André Guelfi,1,1488.5336920246898,-5.374831863426701,1488.5336920246898
604,François Picard,1,1500.0,0.0,1500.0
605,Tom Bridger,1,1500.0,0.0,1500.0
606,Alfonso de Portago,6,1498.1028294143152,-0.4664321599234211,1501.5836251949445
607,Cesare Perdisa,9,1503.986313207984,0.3691394541473849,1513.4049073000006
608,Eugenio Castellotti,17,1513.7560250707213,-0.3636747225684488,1528.869444585205
609,André Simon,12,1497.1616504046417,-0.4767005195077932,1500.0
610,Les Leston,3,1500.0,0.0,1500.0
611,Sam Hanks,9,1519.2733717702833,2.6737206638756246,1549.0222045217113
612,Andy Linden,11,1501.708932537855,0.42380766979444395,1508.246258373718
613,Marshall Teague,4,1493.840233307738,-3.526154118337114,1500.0
614,Don Edmunds,1,1500.0,0.0,1500.0
615,Fred Agabashian,8,1507.0192573330978,0.943786579145526,1515.475261658208
616,Elmer George,1,1500.0,0.0,1500.0
617,Mike MacDowel,1,1494.5345372375882,-1.0247742679522167,1494.5345372375882
618,Herbert MacKay-Fraser,1,1500.0,0.0,1500.0
619,Bob Gerard,7,1485.3015880657208,-0.8975747316045656,1501.4545454545455
620,Umberto Maglioli,10,1487.9320326803515,-0.12611749228405605,1496.0699347769596
621,Paul England,1,1500.0,0.0,1500.0
622,Chico Landi,6,1500.5873763253396,0.4162862058995322,1503.2035149469673
623,Alberto Uria,2,1493.6813139720416,-1.3822125686158886,1500.0
624,Hernando da Silva Ramos,8,1498.8784956084992,-0.16011553636019699,1500.9120745015105
625,Élie Bayol,7,1503.5775991353225,0.1266517486850323,1507.0363840649954
626,Robert Manzon,29,1496.5205381950702,-0.198482654031938,1513.984004372269
627,Louis Rosier,39,1479.8975955716542,-0.70337434721009,1525.8452326567246
628,Bob Sweikert,5,1504.211318085845,1.1485337546691832,1516.7686162607897
629,Cliff Griffith,3,1502.5991362112552,1.2063678486440157,1506.3537591080035
630,Duke Dinsmore,4,1496.5695825763112,-1.929609800824954,1500.0
631,Keith Andrews,2,1500.0,0.0,1500.0
632,Paul Frère,11,1500.0231611694396,0.06895788111284414,1508.033913344112
633,Luigi Villoresi,35,1516.9119927571778,0.1311015562494719,1536.458898316642
634,Piero Scotti,1,1500.0,0.0,1500.0
635,Colin Chapman,1,1500.0,0.0,1500.0
636,Desmond Titterington,1,1500.0,0.0,1500.0
637,Archie Scott Brown,1,1500.0,0.0,1500.0
638,Ottorino Volonterio,3,1487.353706535009,-1.9736884562656307,1500.0
639,André Milhoux,1,1500.0,0.0,1500.0
640,Toulo de Graffenried,23,1502.866733364932,0.15531905263479742,1519.4028206731036
641,Piero Taruffi,18,1514.2079062252226,0.4482966105254569,1530.8760359745684
642,Nino Farina,37,1552.353630139798,0.7903286658784613,1587.868805568556
643,Roberto Mieres,17,1515.1077764899976,0.4719124430142896,1528.2709095671855
644,Sergio Mantovani,9,1488.9852739892117,-1.12146312678301,1501.6324376391265
645,Clemar Bucci,5,1500.0,0.0,1500.0
646,Jesús Iglesias,1,1500.0,0.0,1500.0
647,Alberto Ascari,36,1571.4188500099633,0.8780921463536555,1609.075200807493
648,Karl Kling,12,1520.6624052075651,0.4671864909508714,1525.4651510871802
649,Pablo Birger,2,1500.0,0.0,1500.0
650,Jacques Pollet,5,1495.9788916150242,-0.585530454357851,1500.0
651,Lance Macklin,15,1489.12719370098,-0.48940489301709733,1500.0
652,Ted Whiteaway,1,1500.0,0.0,1500.0
653,Jimmy Davies,6,1491.5434366808743,-0.03385790990375289,1499.034237657714
654,Walt Faulkner,5,1496.0875113353318,-0.5837450498860128,1505.743479952781
655,Cal Niday,3,1505.5397999547938,2.5967812288096415,1508.3096999321908
656,Art Cross,4,1516.989116884712,2.489715324813641,1520.9976347877664
657,Bill Vukovich,5,1514.9668426253534,4.1710261043453665,1529.569709663276
658,Jack McGrath,6,1509.967526457136,2.226359368656192,1520.2484394606322
659,Jerry Hoyt,5,1491.6180234068245,1.0798409212344435,1494.8071129822474
660,Johnny Claes,25,1452.154273151924,-0.7203464581763634,1484.0
661,Peter Walker,4,1500.8277860034098,0.1034732504262279,1501.103714671213
662,Mike Sparken,1,1500.1316996183311,0.041156130728509766,1500.1316996183311
663,Ken Wharton,16,1499.0984362974268,-0.33500351101533976,1504.1483550692665
664,Kenneth McAlpine,7,1492.667984716653,-0.8038419971213031,1494.2652267414423
665,Leslie Marr,2,1494.784964801427,-1.140788949687916,1494.784964801427
666,Tony Rolt,3,1500.0,0.0,1500.0
667,John Fitch,2,1493.940314891526,-1.514921277118492,1500.0
668,Jean Lucas,1,1500.0,0.0,1500.0
669,Prince Bira,19,1495.9127449527075,-0.47489126164228257,1504.767195788561
670,Onofre Marimón,12,1513.6866914851173,0.6932686427774218,1523.0246692232492
671,Roger Loyer,1,1500.0,0.0,1500.0
672,Jorge Daponte,2,1492.7906935348412,-2.478199097398374,1500.0
673,Mike Nazaruk,3,1515.2202833240324,3.8003365875142716,1521.1488210266934
674,Larry Crockett,1,1504.821901697676,4.520532841571155,1504.821901697676
675,Manny Ayulo,4,1495.9959779936923,-2.43931837616257,1507.1497308259443
676,Frank Armi,1,1483.493367575745,-14.959135634481136,1483.493367575745
677,Travis Webb,4,1490.0070774024564,-1.7175335714528188,1490.0070774024564
678,Len Duncan,1,1500.0,0.0,1500.0
679,Ernie McCoy,2,1493.8979353981185,-5.3487506989336975,1499.459003832247
680,Jacques Swaters,7,1490.0332390585459,-0.685363694448686,1494.5962936779845
681,Georges Berger,2,1500.0,0.0,1500.0
682,Don Beauman,1,1499.356393372855,-0.281577899375832,1499.356393372855
683,Leslie Thorne,1,1492.4992505157124,-3.281577899375832,1492.4992505157124
684,Bill Whitehouse,1,1500.0,0.0,1500.0
685,John Riseley-Prichard,1,1500.0,0.0,1500.0
686,Reg Parnell,7,1517.0144389898667,1.5359510946738872,1524.5470336491169
687,Peter Whitehead,12,1487.6939075130142,-0.5301930924048645,1508.1812606928202
688,Eric Brandon,5,1478.069613375051,-2.461328079112358,1487.4408564153591
689,Alan Brown,9,1479.6396641481342,-1.7671561588274267,1506.661540763671
690,Rodney Nuckey,2,1499.5486673159166,-0.1128331710208168,1499.5486673159166
691,Hermann Lang,2,1501.6762956102582,0.2357290701925585,1501.6762956102582
692,Theo Helfrich,3,1497.9512933607004,-0.512176659824869,1500.0
693,Fred Wacker,3,1495.2665157831952,-0.04785455019251161,1498.983107552723
694,Giovanni de Riu,1,1500.0,0.0,1500.0
695,Oscar Gálvez,1,1509.4542088446228,2.658996237550138,1509.4542088446228
696,John Barber,1,1491.4453612505422,-2.405992148285016,1491.4453612505422
697,Felice Bonetto,17,1524.0997105034314,1.0354805367705016,1546.810112978573
698,Adolfo Cruz,1,1500.0,0.0,1500.0
699,Duke Nalon,3,1500.0,0.0,1500.0
700,Carl Scarborough,2,1495.0372233601151,-2.3263015499460407,1500.0
701,Bill Holland,2,1514.4707526800537,4.974321233768438,1514.4707526800537
702,Bob Scott,5,1488.594719886068,-5.001050215374596,1500.0
703,Arthur Legat,2,1489.7110741999122,-2.2507025187692125,1489.7110741999122
704,Yves Cabantous,13,1498.8930255751204,-0.43661613175086306,1507.2727272727273
705,Tony Crook,2,1486.0171034776547,-4.588137921394553,1486.0171034776547
706,Jimmy Stewart,1,1500.0,0.0,1500.0
707,Ian Stewart,1,1500.0,0.0,1500.0
708,Duncan Hamilton,5,1491.4964087236035,-0.6427487782717967,1491.572285790911
709,Ernst Klodwig,2,1483.0159522390136,-4.214324263150025,1486.9632011661922
710,Rudolf Krause,2,1496.4991033794981,-1.7504483102509445,1500.0
711,Oswald Karch,1,1500.0,0.0,1500.0
712,Willi Heeks,2,1500.0,0.0,1500.0
713,Theo Fitzau,1,1500.0,0.0,1500.0
714,Kurt Adolff,1,1500.0,0.0,1500.0
715,Günther Bechem,2,1500.0,0.0,1500.0
716,Erwin Bauer,1,1500.0,0.0,1500.0
717,Hans von Stuck,4,1497.8816767742692,-1.0591616128654568,1500.0
718,Ernst Loof,1,1500.0,0.0,1500.0
719,Albert Scherrer,1,1494.8928609084735,-1.436382869491776,1494.8928609084735
720,Max de Terra,2,1494.0923215398109,-1.661534566928188,1500.0
721,Peter Hirt,5,1477.0717791326465,-1.8074213834269046,1500.0
722,Piero Carini,3,1500.0,0.0,1500.0
723,Rudi Fischer,7,1484.3121664898576,-1.2796983296941076,1494.8535621709782
724,Toni Ulmen,2,1500.061050336882,0.020986053303217123,1500.1221006737642
725,George Abecassis,2,1500.0,0.0,1500.0
726,George Connor,3,1505.180761122644,1.512402880754942,1506.9644143714615
727,Jim Rigsby,1,1498.7838783551597,-0.7220722266241157,1498.7838783551597
728,Joe James,2,1497.353403710249,-1.5714165470395276,1500.0
729,Bill Schindler,3,1498.5557224367112,-0.8575398032026555,1500.0
730,George Fonder,3,1483.0212332425501,-10.852725032059409,1493.5986602232292
731,Henry Banks,3,1490.8737841351794,-2.768705753134474,1500.0
732,Johnny McDowell,3,1485.8146532872695,-5.21349637377167,1491.1980254073264
733,Chet Miller,2,1500.0,0.0,1500.0
734,Bobby Ball,2,1496.8040472227706,-0.3994940971536709,1496.8040472227706
735,Charles de Tornaco,3,1496.4697800159736,-0.5148237476705239,1496.4697800159736
736,Roger Laurent,2,1491.4446444938924,-1.9451426232384867,1492.033913344112
737,Robert O'Brien,1,1488.6274681609293,-4.975482679593456,1488.6274681609293
738,Tony Gaze,4,1485.1767704869692,-1.6212907279877395,1485.1767704869692
739,Robin Montgomerie-Charrington,1,1500.0,0.0,1500.0
740,Franco Comotti,2,1490.180420224603,-3.6823424157738636,1500.0
741,Philippe Étancelin,12,1496.709662350787,0.08019214532300589,1503.1297483095716
742,Dennis Poore,2,1508.5442313297417,2.3653420319167417,1512.5509410271566
743,Eric Thompson,1,1511.0271315033472,7.236555049071558,1511.0271315033472
744,Ken Downing,2,1504.931893408109,1.6182775245357792,1504.931893408109
745,Graham Whitehead,1,1502.0935367005818,1.373883459756767,1502.0935367005818
746,Gino Bianco,4,1496.2271076092889,-0.6189901578510466,1496.2271076092889
747,David Murray,4,1500.0,0.0,1500.0
748,Eitel Cantoni,3,1500.6210608057152,0.27171410250032446,1501.863182417145
749,Bill Aston,3,1500.0,0.0,1500.0
750,Adolf Brudes,1,1500.0,0.0,1500.0
751,Fritz Riess,1,1503.0311915828552,1.0419721066064342,1503.0311915828552
752,Helmut Niedermayr,1,1495.690473893465,-1.4813995991214295,1495.690473893465
753,Hans Klenk,1,1491.3948279464914,-2.958027893393566,1491.3948279464914
754,Marcel Balsa,1,1500.0,0.0,1500.0
755,Rudolf Schoeller,1,1500.0,0.0,1500.0
756,Paul Pietsch,3,1500.0,0.0,1500.0
757,Josef Peters,1,1500.0,0.0,1500.0
758,Dries van der Lof,1,1500.0,0.0,1500.0
759,Jan Flinterman,2,1493.189526412947,-1.7026183967632262,1493.189526412947
760,Piero Dusio,1,1500.0,0.0,1500.0
761,Alberto Crespo,1,1500.0,0.0,1500.0
762,Franco Rol,5,1495.324923048092,-0.657432696362086,1500.0
763,Consalvo Sanesi,5,1496.201334884599,-0.9748976433852684,1502.3790395830442
764,Guy Mairesse,3,1492.2761344815044,-1.5835796259641965,1500.0
765,Henri Louveau,2,1500.0,0.0,1500.0
766,Lee Wallard,2,1514.9150482165394,4.403576936071687,1522.6320710257523
767,Carl Forberg,1,1488.2560144727015,-2.9359963818246286,1488.2560144727015
768,Mauri Rose,2,1513.0162072255082,4.474321233768438,1513.0162072255082
769,Bill Mackey,1,1500.0,0.0,1500.0
770,Cecil Green,2,1511.5616617709627,3.974321233768438,1511.5616617709627
771,Walt Brown,2,1489.743479952781,-3.525678766231562,1489.743479952781
772,Mack Hellings,2,1497.0162072255082,-1.0256787662315618,1497.0162072255082
773,Pierre Levegh,6,1494.0766330270772,-0.49885711349065504,1498.5201563781202
774,Eugène Chaboud,3,1501.6065378410885,0.2958267876512468,1503.0166869870586
775,Aldo Gordini,1,1500.0,0.0,1500.0
776,Joe Kelly,2,1500.0,0.0,1500.0
777,Philip Fotheringham-Parker,1,1500.0,0.0,1500.0
778,Brian Shawe Taylor,2,1487.9390249407975,-1.7228656472009525,1488.678049881595
779,John James,1,1500.0,0.0,1500.0
780,Toni Branca,3,1478.9179574570987,-2.4395716715814064,1485.597516040756
781,Ken Richardson,1,1500.0,0.0,1500.0
782,Juan Jover,1,1500.0,0.0,1500.0
783,Georges Grignard,1,1500.0,0.0,1500.0
784,David Hampshire,2,1492.7272727272727,-1.25,1492.7272727272727
785,Geoff Crossley,2,1494.2289747847963,-1.623100841776043,1500.0
786,Luigi Fagioli,8,1519.3241530915684,-0.03791048437143474,1528.4339861587137
787,Cuth Harrison,3,1498.5454545454547,-0.16666666666666666,1498.5454545454545
788,Joe Fry,1,1487.2,-4.0,1487.2
789,Eugène Martin,2,1500.0,0.0,1500.0
790,Leslie Johnson,1,1500.0,0.0,1500.0
791,Clemente Biondetti,1,1500.0,0.0,1500.0
792,Alfredo Pián,1,1500.0,0.0,1500.0
793,Raymond Sommer,5,1499.4404375601755,-0.020983591493418708,1499.4404375601755
794,Joie Chitwood,1,1509.8265028076753,6.448642467536876,1509.8265028076753
795,Myron Fohr,1,1499.9252981345992,-0.05135753246312369,1499.9252981345992
796,Walt Ader,1,1485.3798435891445,-10.051357532463124,1485.3798435891445
797,Jackie Holmes,2,1500.0,0.0,1500.0
798,Bayliss Levrett,1,1500.0,0.0,1500.0
799,Jimmy Jackson,2,1495.2397784298018,-4.016436949854754,1500.0
800,Nello Pagani,1,1498.397516040756,-0.500776237263743,1498.397516040756
801,Charles Pozzi,1,1492.224567729476,-1.7008758091770826,1492.224567729476
802,Dorino Serafini,1,1510.467016052161,1.9625655097801822,1510.467016052161
803,Bill Cantrell,1,1500.0,0.0,1500.0
804,Johnny Mantz,1,1483.6355261162423,-7.670847133011304,1483.6355261162423
805,Danny Kladis,1,1500.0,0.0,1500.0
806,Óscar González,1,1487.3626279440832,-2.764425137231777,1487.3626279440832
807,Nico Hülkenberg,218,1547.3373169286829,0.2456666725829035,1597.3092614496754
808,Vitaly Petrov,58,1490.1875028791567,-0.26425584714193323,1511.9436684124785
810,Lucas di Grassi,19,1483.2404976118455,-0.9567776783868739,1500.0
811,Bruno Senna,46,1475.9045651171393,-0.06591291060207881,1500.0
812,Karun Chandhok,11,1485.5667222950074,-1.3047217539225997,1500.0
813,Pastor Maldonado,96,1487.2245291577835,-0.10736322538633847,1519.7758752143684
814,Paul di Resta,59,1514.1136618461253,0.23140650383322287,1533.553958395335
815,Sergio Pérez,271,1537.728973196805,0.04928079826453026,1594.319760221107
816,Jérôme d'Ambrosio,20,1487.9491120787904,-0.8028367802906683,1498.504568778253
817,Daniel Ricciardo,251,1543.9342386799258,0.010313158332097628,1615.2457951821448
818,Jean-Éric Vergne,58,1495.1934137912767,0.016796340396140773,1512.2426583385873
819,Charles Pic,39,1473.2405983956648,-0.512233196590277,1494.5702615070209
820,Max Chilton,35,1468.8666702980431,-0.687558249416451,1497.7490687797788
821,Esteban Gutiérrez,59,1473.8152365626568,-0.14656140868920647,1497.0791447370068
822,Valtteri Bottas,235,1564.3503407509636,-0.04158003620615294,1624.876236822532
823,Giedo van der Garde,19,1478.7999757160612,-0.7364142075329024,1494.6524245473363
824,Jules Bianchi,34,1497.0737990261298,0.015227703054200363,1504.506007739663
825,Kevin Magnussen,176,1511.6411821004365,0.0935232051390082,1547.3648790963755
826,Daniil Kvyat,112,1493.2175350891077,0.046148787955668395,1523.5781779919107
827,André Lotterer,1,1500.0,0.0,1500.0
828,Marcus Ericsson,97,1484.7797721823447,0.009342136177380318,1503.978933719421
829,Will Stevens,19,1482.1696170634314,-0.7426508630067253,1498.3632532254564
830,Max Verstappen,197,1597.891113357994,0.46384126037117934,1680.831682953178
831,Felipe Nasr,40,1503.8353955020225,-0.30297689038917996,1528.8484306235748
832,Carlos Sainz,196,1565.7111294831798,0.28121025775383607,1631.4925903674948
833,Roberto Merhi,13,1483.5773988709905,-0.8230535192593703,1496.3895964674196
834,Alexander Rossi,5,1495.7209541840593,-0.7566352833416903,1498.9198743485847
835,Jolyon Palmer,37,1478.7780064763485,-0.33564410430492736,1500.403624470951
836,Pascal Wehrlein,39,1498.8818562106092,-0.19548237453568304,1509.8810029923898
837,Rio Haryanto,12,1487.6106901914993,-1.0904530769802283,1500.0
838,Stoffel Vandoorne,42,1499.6056540977365,-0.08509709279355392,1519.023820230062
839,Esteban Ocon,145,1543.181308844296,0.11226889896454004,1592.3366389635698
840,Lance Stroll,156,1512.4905801819764,0.10817278616535343,1555.9014324918417
841,Antonio Giovinazzi,62,1515.0505847263955,0.41711854853440955,1545.3947451392648
842,Pierre Gasly,142,1521.1568053878937,0.08405618319592466,1581.2311151576807
843,Brendon Hartley,25,1472.9559242724033,-0.5921931889926658,1495.5552964096294
844,Charles Leclerc,137,1592.9199536063368,0.3756553998950589,1647.6820748180846
845,Sergey Sirotkin,21,1458.6888210287316,-1.456254311779885,1500.0
846,Lando Norris,116,1577.7892809355994,0.493631299301545,1658.4471892872702
847,George Russell,116,1528.8737263906737,0.40502897512460323,1580.9329488728097
848,Alexander Albon,93,1502.9886439549796,0.2299868423140581,1549.7499456360358
849,Nicholas Latifi,61,1489.2590772251672,-0.42512933927509566,1521.8522364230162
850,Pietro Fittipaldi,2,1492.1045682581089,-2.808678805889513,1494.7759950434424
851,Jack Aitken,1,1498.2106723358218,-0.8946638320890792,1498.2106723358218
852,Yuki Tsunoda,78,1472.919151209131,0.07514272840502606,1529.9225646870725
853,Nikita Mazepin,22,1474.266188674686,-0.9333714261860976,1500.0
854,Mick Schumacher,44,1487.4274700836875,-0.01901721369909859,1510.0822337241084
855,Guanyu Zhou,56,1499.4829361412721,-0.24600563968113873,1517.3619998189035
856,Nyck de Vries,11,1493.3489596526013,-1.460665271650779,1507.576035563838
857,Oscar Piastri,34,1533.413886605753,1.1696700085787592,1576.4015142651433
858,Logan Sargeant,33,1471.0218079675788,-0.7393570989231414,1501.601071566516
859,Liam Lawson,5,1505.6844761408188,0.028648393757780964,1510.9729083916586
860,Oliver Bearman,1,1502.8742075117768,1.5269227406314112,1502.8742075117768
